Survey Instance Id;Schoolnr;Type_school;Survey Creation Date;Survey Sent Date;Survey Progress;Survey Completed On;Survey Parent;Survey Package Name;Survey Package Id;S3_1.1;S3_1.2;S3_1.3;S3_1.4;S3_1.6_voor1mrt_lln_testronde;S3_1.6_voor1mrt_lln_geentestronde_nietopschool;S3_1.6_voor1mrt_lln_geentestronde_anders;S3_1.6_voor1mrt_medewerkers_testronde;S3_1.6_voor1mrt_medewerkers_geentestronde_nietopschool;S3_1.6_voor1mrt_medewerkers_geentestronde_anders;S3_1.7_na1mrt_lln_testronde;S3_1.7_na1mrt_lln_geentestronde_nietopschool;S3_1.7_na1mrt_lln_geentestronde_anders;S3_1.7_na1mrt_medewerkers_testronde;S3_1.7_na1mrt_medewerkers_geentestronde_nietopschool;S3_1.7_na1mrt_medewerkers_geentestronde_anders;S3_1.8;S3_1.9_1mrt_5mrt_lln_testronde;S3_1.9_1mrt_5mrt_lln_geentestronde_nietopschool;S3_1.9_1mrt_5mrt_lln_geentestronde_anders;S3_1.9_1mrt_5mrt_medewerkers_testronde;S3_1.9_1mrt_5mrt_medewerkers_geentestronde_nietopschool;S3_1.9_1mrt_5mrt_medewerkers_geentestronde_anders;S3_1.9_8mrt_12mrt_lln_testronde;S3_1.9_8mrt_12mrt_lln_geentestronde_nietopschool;S3_1.9_8mrt_12mrt_lln_geentestronde_anders;S3_1.9_8mrt_12mrt_medewerkers_testronde;S3_1.9_8mrt_12mrt_medewerkers_geentestronde_nietopschool;S3_1.9_8mrt_12mrt_medewerkers_geentestronde_anders;S3_1.9_15mrt_19mrt_lln_testronde;S3_1.9_15mrt_19mrt_lln_geentestronde_nietopschool;S3_1.9_15mrt_19mrt_lln_geentestronde_anders;S3_1.9_15mrt_19mrt_medewerkers_testronde;S3_1.9_15mrt_19mrt_medewerkers_geentestronde_nietopschool;S3_1.9_15mrt_19mrt_medewerkers_geentestronde_anders;S3_1.9_22mrt_26mrt_lln_testronde;S3_1.9_22mrt_26mrt_lln_geentestronde_nietopschool;S3_1.9_22mrt_26mrt_lln_geentestronde_anders;S3_1.9_22mrt_26mrt_medewerkers_testronde;S3_1.9_22mrt_26mrt_medewerkers_geentestronde_nietopschool;S3_1.9_22mrt_26mrt_medewerkers_geentestronde_anders;S3_1.9_29mrt_2apr_lln_testronde;S3_1.9_29mrt_2apr_lln_geentestronde_nietopschool;S3_1.9_29mrt_2apr_lln_geentestronde_anders;S3_1.9_29mrt_2apr_medewerkers_testronde;S3_1.9_29mrt_2apr_medewerkers_geentestronde_nietopschool;S3_1.9_29mrt_2apr_medewerkers_geentestronde_anders;S3_1.9_5apr_9apr_lln_testronde;S3_1.9_5apr_9apr_lln_geentestronde_nietopschool;S3_1.9_5apr_9apr_lln_geentestronde_anders;S3_1.9_5apr_9apr_medewerkers_testronde;S3_1.9_5apr_9apr_medewerkers_geentestronde_nietopschool;S3_1.9_5apr_9apr_medewerkers_geentestronde_anders;S3_1.9_12apr_16apr_lln_testronde;S3_1.9_12apr_16apr_lln_geentestronde_nietopschool;S3_1.9_12apr_16apr_lln_geentestronde_anders;S3_1.9_12apr_16apr_medewerkers_testronde;S3_1.9_12apr_16apr_medewerkers_geentestronde_nietopschool;S3_1.9_12apr_16apr_medewerkers_geentestronde_anders;S3_1.9_19apr_23apr_lln_testronde;S3_1.9_19apr_23apr_lln_geentestronde_nietopschool;S3_1.9_19apr_23apr_lln_geentestronde_anders;S3_1.9_19apr_23apr_medewerkers_testronde;S3_1.9_19apr_23apr_medewerkers_geentestronde_nietopschool;S3_1.9_19apr_23apr_medewerkers_geentestronde_anders;S3_2.2;S3_2.3;S3_2.4_lln_lj1;S3_2.4_uren_lj1;S3_2.4_leerkrachten_lj1;S3_2.4_lln_lj2;S3_2.4_uren_lj2;S3_2.4_leerkrachten_lj2;S3_2.4_lln_lj3;S3_2.4_uren_lj3;S3_2.4_leerkrachten_lj3;S3_2.4_lln_lj4;S3_2.4_uren_lj4;S3_2.4_leerkrachten_lj4;S3_2.4_lln_lj4examen;S3_2.4_uren_lj4examen;S3_2.4_leerkrachten_lj4examen;S3_2.4_lln_lj5;S3_2.4_uren_lj5;S3_2.4_leerkrachten_lj5;S3_2.4_lln_lj5examen;S3_2.4_uren_lj5examen;S3_2.4_leerkrachten_lj5examen;S3_2.4_lln_lj6;S3_2.4_uren_lj6;S3_2.4_leerkrachten_lj6;S3_2.5;S3_2.6;S3_2.7;S3_2.8;S3_2.9;S3_3.2;S3_3.3;S3_3.4_lln_onder16_toestemmig;S3_3.4_lln_onder16_geentoestemmig;S3_3.4_lln_onder16_geenreactie;S3_3.4_lln_vanaf16_toestemmig;S3_3.4_lln_vanaf16_geentoestemmig;S3_3.4_lln_vanaf16_geenreactie;S3_3.4_medewerkers_toestemmig;S3_3.4_medewerkers_geentoestemmig;S3_3.4_medewerkers_geenreactie;S3_4.1;S3_4.2;S3_4.3
EA7A31D2-8A2C-4769-8E1B-441F513B9A63;37;VO;5-5-2021 12:44;5-5-2021 12:44;100;27-5-2021 20:24;No parent;.S3 Vragenlijst einde pilot - Scholen;BBECC000-9CFE-455D-8B86-AA1201EF9D23;5-3-2021;19-3-2021;Ja;;;;;;;;10;;;;;;;;;;;;;;;;;;;2 in hele week (zaterdag + zondag meegenomen.;;;;;;0;;;;;;1;;;;;;3 in hele week (zaterdag + zondag meegenomen;;;;;;4;;;;;;;;;;;;1355;677;2,5;6-jul;3-apr;2,5;6-jul;3-apr;2,5;6-jul;3-apr;2,5;6-jul;3-apr;2,5;6-jul;3-apr;2,5;6-jul;3-apr;2,5;6-jul;3-apr;2,5;6-jul;3-apr;198;155;3,2;48;Gemiddeld 3;Beide;5-3-2021;100;7;36;220;67;106;;;;-;24;- 
C5C60E44-A380-4153-BBF8-D78941C6FDF2;19;PRO;5-5-2021 12:58;5-5-2021 12:58;100;26-5-2021 9:56;No parent;.S3 Vragenlijst einde pilot - Scholen;BBECC000-9CFE-455D-8B86-AA1201EF9D23;1-2-2021;15-2-2021;Ja;;4;0;0;0;0;0;1;1;0;0;0;0;Een positief geteste leerling die op school in contact is geweest met meerdere andere leerlingen en docenten;0;;0;0;;0;0;;0;0;;0;0;;0;0;;0;0;;0;0;;0;1;;0;0;;0;0;;0;0;;0;0;;0;0;;0;0;;0;0;;0;205;80;3;5;3;3;5;3;2;5;2;2;5;2;2;5;2;2;5;2;2;5;2;;;;20;15;6;15;2 leerjaren;;;60;7;48;40;5;45;40;5;;ER zijn nauwelijks besmettingen geweest. Dus het effect was nihiel;20;Het verkrijgen van toestemming was moeilijk.Het organiseren van een test vor leerlingen en medewerkers was zeer arbeidsintensief.Het afnemen van de testen ging erg makkelijk.
41B0A5C4-8880-488C-AD92-AE248B336216;40;VO;5-5-2021 15:36;5-5-2021 15:36;100;26-5-2021 12:34;No parent;.S3 Vragenlijst einde pilot - Oosterlicht Vianen;B99B3894-62B7-4CAE-9A8A-01413D672B4C;1-3-2021;18-3-2021;Ja;;;;;;;;7;15;0;0;2;0;;0;1;0;0;1;0;0;3;0;0;1;0;2;5;0;0;0;0;3;0;0;0;0;0;0;4;0;0;0;0;0;0;0;0;0;0;2;2;0;0;0;0;0;0;0;0;0;0;450;375;2;5;5;2;5;5;2;5;5;2;5;5;5;5;5;;;;;;;;;;80;50;5;15;de helft;Digitaal;;478;89;100;25;10;16;65;1;23;geen effect;3;Het was fijn dat de mogelijkheid werd geboden, maar administratief was het veel te omslachtig. Per besmetting was je gemiddeld 3 uur administratief bezig. Dus vraag twee is niet in te vullen, omdat je de ene week 1 besmetting had en de andere week 3.
2783DA93-6CE5-4327-A30C-EB90FBD79C28;14;VO;5-5-2021 12:40;5-5-2021 12:40;100;26-5-2021 9:06;No parent;.S3 Vragenlijst einde pilot - Scholen;BBECC000-9CFE-455D-8B86-AA1201EF9D23;27-1-2021;1-2-2021;Ja;;0;0;0;0;0;0;0;0;0;0;0;0;Er zijn geen testrondes geweest omdat er geen indexcasussen zijn geweest in de genoemde periodes;0;0;0;0;0;0;0;0;0;0;0;0;0;0;0;0;0;0;0;0;0;0;0;0;0;0;0;0;0;0;0;0;0;0;0;0;0;0;0;0;0;0;0;0;0;0;0;0;505;250;2,5;7;5;2,5;7;5;4;5;4;;;;5;7;4;;;;;;;;;;23;56;5;5;2;Schriftelijk;;219;34;252;;;;41;;29;geen, er is nooit een testronde geweest;1;geen ervaring binnen deze pilot. Wel in eerdere pilots. Die was positief
9E2082A9-3965-4166-84B5-00869A8F5C1D;18;VO;5-5-2021 12:54;5-5-2021 12:54;100;26-5-2021 9:42;No parent;.S3 Vragenlijst einde pilot - Scholen;BBECC000-9CFE-455D-8B86-AA1201EF9D23;22-1-2021;25-1-2021;Ja;;0;1;0;0;0;0;0;1;2;0;0;0;wij hebben 2 keer een leerling gehad die binnen de tabellen niet als indexcasus kon worden gezien.;;;;;;;;;;;;;;;;;;;;;;;;;;;;;;;;;;;;;;;;;;;;;;;;;380;340;4;4;3;4;4;3;4;4;3;;;;5;4;3;;;;;;;;;;39;32;5;40;Afhankelijk van de docent. Meeste docenten zitten voornamelijk in een leerjaar, dan dus 1, een enkeling over meerdere leerjaren, dat hebben we gehandhaafd. dit loopt op naar 2 of 3 verschillende leerjaren per docent.;Beide;22-1-2021;2;1;367;0;0;10;0;0;0;Ik denk dat ons interne plan van aanpak en rooster meer invloed hebben gehad, maar dat de wetenschap dat er een mogelijkheid was, wellicht een extra veilig gevoel heeft gegeven.;0,5;Geen dus, helaas voor het onderzoek, maar fijn voor ons, omdat we bijna iedereen op school hebben gehad al die tijd.
BFF2D3AA-D11A-4466-81C8-63D4DD7811D0;42;VO;5-5-2021 12:59;5-5-2021 12:59;100;26-5-2021 9:54;No parent;.S3 Vragenlijst einde pilot - Scholen;BBECC000-9CFE-455D-8B86-AA1201EF9D23;5-3-2021;15-3-2021;Ja;;;;;;;;;;;;;;;;;;;;;;;;;;;;;;;;;;;;;;;;;;;;;;;;;;;;;;;;;;;;;;;864;481;2,5;4,1;4;2,5;4,1;5;2,5;4,1;5;2,5;3,7;5;2,5;3,7;5;2,5;3,7;5;2,5;3,7;5;2,5;3,7;5;77;54;4;4;3 a 4;Beide;5-3-2021;;;;;;;;;;Ik denk gering. Ca 1/3 deel van de leerlingen/ouders heeft niet gereageerd op (herhaalde) verzoeken om ja/nee toestemming kenbaar te maken. En er zijn maar 8 indexen geweest die tot een testronde hebben geleid. Het urgentiebesef t.a.v. Covid-19 onder leerlingen is heel beperkt. De pilot lijkt maar in een enkele lesgroep tot nieuwe bezinning te hebben geleid en dan met namen door met de klas in gesprek te gaan n.a.v. een index. Zowel voor de pilot als tijdens de pilot zijn er maar bijzonder weinig leerlingen op school gekomen die klachten hadden. En die stuurden we dan natuurlijk naar huis en dan namen we contact op met het thuisfront om de RIVM regels nogmaals onder de aandacht te brengen. ;5;Ad 2: dat is de tijd die ik zelf als covid-coordinator wekelijks aan uitzetten van sneltesten kwijt was. Ca 2,5 uur per index. De administratieve rompslomp is veel. Feitelijk heeft niemand daar die uren voor en je huurt er ook niet zo maar iemand voor in omdat de vereiste inzet fluctueert met het aantal besmettttingen.Daarnaast zijn receptie en verzuimcoordinator veel tijd bezig met te woord staan van ouders die een besmetting melden van een gezinslid. Ad 3: Blij dat we hebben deelgenomen: je doet er als school alles aan om zoveel mogelijk leerlingen onderwijs te geven op een voor iedereen zo veilig mogelijke manier.Personeel gaf volop gehoor aan oproepen om te laten testen en waardeerde het dat ze zich snel konden laten testen, het vergrootte de ervaren veiligheid. De mate waarin leerlingen testbereid waren verschilde enorm. In de klassen met veel leerlingen met een niet-westerse migratieachtergrond was de testbereidheid lager, op de mavo sterker dan op havo en vwo. Dezelfde leerlingen die geen toestemming gaven (of hun ouders) geven meestal ook geen toestemming voor het maken/gebruiken van foto's. Daar is veel wantrouwen. De bereidheid onder onze Vrijeschool populatie was juist hoger dan verwacht. De testaanbieder werkte prettig en efficient. Geen klachten gehoord van personeel of leerlingen. Het sneltesten was natuurlijk een goede opmaat naar zelftesten. Ook in de afstemming met de medezeggenschapsraad en in de communicatie naar ouders/verzorgers/personeel.  In de week voor de meivakantie (t/m 31 april) hebben we die nog niet in hoeven zetten onder leerlingen, er was geen index met besmettelijke dagen op school.N.B: stagiares en technisch onderwijsassistenten en ander onderwijs-ondersteunend personeel ....die moeten ook op het netvlies staan als een testgroep bepaald wordt. In de communicatie wordt snel gesproken over docenten maar de groep personeelsleden is breder. Zo horen ook stagiaires zelftesten te krijgen - wij geven ze hen nu tenminste ook, twee per week.
49B310B9-9729-4225-BCE8-35A267619E44;36;VO;5-5-2021 12:36;5-5-2021 12:36;100;26-5-2021 9:11;No parent;.S3 Vragenlijst einde pilot - Scholen;BBECC000-9CFE-455D-8B86-AA1201EF9D23;5-3-2021;12-3-2021;Ja;;;;;;;;2;5;1;0;1;0;geen testronde gestart omdat de informatie over de besmetting laat voorhanden kwam, de leerling de 3 dagen ervoor niet op school was geweest en de dagen erna er verlof was.;0;0;0;0;0;0;0;3;0;0;0;0;1;5;0;0;0;0;0;0;0;0;1;0;1;4;0;0;0;0;0;3;0;0;1;0;0;1;0;0;2;0;0;5;0;0;0;0;800;1650;2;5;6;4;5;6;2;5;6;2;5;6;;5;6;2;5;6;5;5;6;5;5;6;120;80;5;80;4;Schriftelijk;;320;10;490;160;2;680;72;;98;leerlingen en collega's snel bekend negatief, dus absentie omlaag ;6;heeft vertrouwen gegeven dat er snel duidelijkheid is
675F70F2-16CF-4314-AB53-CDEA26821547;10;VO;5-5-2021 15:34;5-5-2021 15:34;100;26-5-2021 9:20;No parent;.S3 Vragenlijst einde pilot - VLC Vinkeveen;42DFCA14-BAE8-492D-9E9D-D3603C006739;20-1-2021;25-1-2021;Nee;12-4-2021;;;;;;;15;11;0;2;1;0;Docent was niet op school in besmettelijke periode;2;3;0;0;0;0;0;5;0;0;0;0;0;1;0;2;0;0;4;0;0;3;0;0;4;0;0;0;0;0;0;0;0;0;0;0;0;2;0;0;0;0;0;0;0;0;0;0;;;;;;;;;;;;;;;;;;;;;;;;;;;;;;;;Beide;20-1-2021;114;;;771;;;55;;;Minder. Leerlingen hoeften niet in quarantaine;12;positief
A745B95F-84EA-44E8-A34E-3A39A342C6EB;39;VO;5-5-2021 15:35;5-5-2021 15:35;100;26-5-2021 9:47;No parent;.S3 Vragenlijst einde pilot - Oosterlicht Nieuwegein;0873E9A3-4D35-473D-AFAF-068FC6222291;11-3-2021;15-3-2021;Ja;;;;;;;;11;15;3;1;1;0;soms geen testronde gestart omdat er parallel aan een besmetting al een sneltestronde liep op dat moment. voor 23 maart nog niet gestart met deelname pilot sneltesten;0;0;0;0;0;0;0;0;1;0;0;0;3;0;0;0;0;0;4;3;2;0;0;0;0;0;0;1;1;0;0;3;0;0;0;0;1;7;0;1;0;0;0;0;1;0;0;0;1756;850;1,5;6;5;1,5;6;5;1,5;6;5;1,5;6;5;5;6;6;1,5;6;5;5;6;6;5;6;6;140;100;5;75;4;Digitaal;;582;81;538;299;79;159;120;1;86;niet waarneembaar. Voor het gevoel van zowel ouders/leerlingen als medewerkers bood het wel aanvullende veiligheid (hoewel we geen positieve sneltestuitslagen uit de pilot hebben gehaald);40;Voor het gevoel van zowel ouders/leerlingen als medewerkers bood het wel aanvullende veiligheid (hoewel we geen positieve sneltestuitslagen uit de pilot hebben gehaald)
09CC6BA3-869D-4EB4-BD7C-05F073890228;31;PRO;5-5-2021 12:56;5-5-2021 12:56;100;26-5-2021 8:55;No parent;.S3 Vragenlijst einde pilot - Scholen;BBECC000-9CFE-455D-8B86-AA1201EF9D23;25-1-2021;20-2-2021;Ja;;;;2;;;0;;;1;;;0;Veel ouders vinden het spannend en begrepen de informatie niet goed. Informatie in andere talen werkt drempelverlagend, maar vooraf toestemming geven, bleef ingewikkeld. Wij hebben gelukkig nauwelijks leerlingen met Corona gehad. 2 van de drie leerlingen kregen Corona terwijl ze niet op school waren, wel op stage. Zij hebben de instructies van de GGD opgevolgd en zijn daarna niet op school geweest;0;0;0;0;0;0;0;0;1;0;0;0;0;0;0;0;0;0;0;0;0;0;0;0;0;0;0;0;0;0;0;0;0;;0;0;0;0;0;0;0;0;0;0;0;0;0;0;230;90;5;4;3;5;4;3;5;4;3;2;5;2;;;;2;6;2;2;6;2;;;;35;25;3;8;3;Schriftelijk;;20;;;16;;;40;;5;nvt ;1;dat hebben wij helaas niet goed kunnen meten, animo voor zelftesten lijkt groter
9D5CCC7F-94BB-4A77-BFC3-7B2D93941CB1;34;VO;5-5-2021 12:37;5-5-2021 12:37;100;26-5-2021 9:42;No parent;.S3 Vragenlijst einde pilot - Scholen;BBECC000-9CFE-455D-8B86-AA1201EF9D23;10-3-2021;10-3-2021;Ja;;;;;;;;20;1;;3;;;Leerling was in besmettelijke periode niet op school;0;0;0;0;0;0;1;0;0;2;0;0;2;0;0;0;0;0;4;0;0;0;0;0;1;0;0;0;0;0;0;1;0;0;0;0;1;0;0;1;0;0;7;0;0;2;0;0;2000;800;2;5;;2;5;;2;5;;2;5;;3;5;;2;5;;3;5;;3;5;;120;40;5;120;2;Digitaal;;;;;;;;;;;onbekend;6;Goed
0E546D89-FCB7-4436-9C81-D0D0B1468A44;30;PRO;5-5-2021 12:56;5-5-2021 12:56;100;26-5-2021 8:57;No parent;.S3 Vragenlijst einde pilot - Scholen;BBECC000-9CFE-455D-8B86-AA1201EF9D23;17-1-2021;21-1-2021;Ja;;5;0;0;1;0;0;5;0;0;1;0;0;;;;;;;;;;;;;;;;;;;;;;;;;;;;;;;;;;;;;;;;;;;;;;;;;;309;125;4;4;2;4;4;2;4;4;2;3;4;2;;;;;;;3;4;1;;;;50;30;2;25;Mentoren geven alleen aan hun eigen klas les (alle AVO vakken). Vakdocenten max 4 verschillende klassen per dag. ;Schriftelijk;;;;;;;;;;;Positief. Weinig absentie;2;Professioneel team. Goede ervaring. 
198E7531-822B-413D-B07C-2D8A822A7371;21;VSO;5-5-2021 12:42;5-5-2021 12:42;100;26-5-2021 8:59;No parent;.S3 Vragenlijst einde pilot - Scholen;BBECC000-9CFE-455D-8B86-AA1201EF9D23;17-1-2021;25-1-2021;Ja;;1;2;0;0;0;0;0;1;0;0;0;0;;0;0;0;0;0;0;0;1;0;0;0;0;0;0;0;0;0;0;0;0;0;0;0;0;0;0;0;0;0;0;0;0;0;0;0;0;0;0;0;0;0;0;0;0;0;0;0;0;120;120;5;8;5;5;8;5;5;8;5;5;8;5;5;8;5;5;8;5;5;8;5;5;8;5;40;25;3;3;3;Schriftelijk;;40;10;20;30;5;15;58;2;;we hebben maar eenmaal de teststraat hoeven in te zetten. Dus hiervoor is te weinig data om de effectief te meten;2;op zich prima. Maar voor die ene keer was het in die week wel veel werk. Als dit iedere week zo was geweest, was het een te grote taak om er maar even bij te doen
5A85C848-0B48-4D75-8ED1-CB576D2C89E5;38;VO;5-5-2021 12:51;5-5-2021 12:51;100;26-5-2021 9:13;No parent;.S3 Vragenlijst einde pilot - Scholen;BBECC000-9CFE-455D-8B86-AA1201EF9D23;17-3-2021;12-4-2021;Ja;;;;;;;;0;0;3;0;0;0;Er waren veel te weinig ouders die in de betreffende doelgroep toestemming hadden gegeven om te testen ;;;;0;0;0;;;;0;0;0;;;;0;0;0;;;;0;0;0;;;;0;0;0;;;;0;0;0;;;;0;0;0;;;;0;0;0;1048;524;2,5;3;3;2,5;3;3;2,5;3;3;2,5;4;4;;;;2,5;4;4;5;4;4;5;4;4;112;70;3;50;gemiddeld 3 verschillende leerjaren;Digitaal;;195;3;379;75;1;381;35;0;77;weinig omdat er in de korte periode dat wij meededen maar twee mogelijke casussen waren en deze konden we helaas niet testen door een gebrek aan respons;5;geen ervaring met het testen zelf maar wel dat er erg weinig animo voor is. 
06596260-D0F1-41C0-B3DD-E63EDEC58344;45;VO;5-5-2021 13:09;5-5-2021 13:09;100;26-5-2021 8:56;No parent;.S3 Vragenlijst einde pilot - Cals Nieuwegein;D8D85437-CA7A-4B96-B710-6F6E4B75ABAA;19-2-2021;11-3-2021;Ja;;0;0;0;0;0;0;0;;0;0;0;0;Er is niemand positief uit een sneltest ronde gekomen.;;;;;;;;;;;;;;;;;;;;;;;;;;;;;;;;;;;;;;;;;;;;;;;;;2200;1100;1;5;5;1;5;5;1;5;5;2;5;5;;;;2;5;5;5;5;5;5;5;5;200;120;4;50;3;Digitaal;;911;103;250;665;151;108;10;;;Weinig zicht op, er kwamen geen nieuwe besmetrtingen uit de pilot.;2;Het verliep goed
C5413FE1-C646-44AE-9074-48F8C578A525;33;PRO;5-5-2021 12:51;5-5-2021 12:51;100;25-5-2021 11:26;No parent;.S3 Vragenlijst einde pilot - Scholen;BBECC000-9CFE-455D-8B86-AA1201EF9D23;1-3-2021;8-3-2021;Ja;;;;;;;;;;2;;3;;(te) kleine testpopulatie;;;;;;;;;;;;;;;;;;;;;;;;;;;;;;;;;;;;;;;;;;;;;;;;;;;;;;;;;;;;;;;;;;;;;;;;;;;;;;;;;;;;;;;;;;;;;
55C42AB7-E1F2-4807-B4A2-209B0F075E52;46;PRO;19-5-2021 15:53;19-5-2021 15:53;100;27-5-2021 10:24;No parent;.S3 Vragenlijst einde pilot - Scholen;BBECC000-9CFE-455D-8B86-AA1201EF9D23;1-5-2021;16-4-2021;Ja;;;;;;;;2;;;;1;;De docent was in persoonlijke kring besmet geraakt;;;;;;;;;;;;;;;;;;;;;;;;;;;;;;;;;;;;;;;;;;;;;;;;;160;55;4;;;3;;;2;;;2;;;2;;;1;;;1;;;0;;;21;21;3;40;2;Schriftelijk;;;;;;;;;;;;4;Erg prettig. Leerlingen en collega's waren op voorhand wat huivering en sceptisch maar toen er gebruik van gemaakt kon worden hebben zij dit als zeer prettig ervaren. 
6B2D25E4-ED29-481C-B798-AFD7B571577C;23;VSO;5-5-2021 12:50;5-5-2021 12:50;100;26-5-2021 9:33;No parent;.S3 Vragenlijst einde pilot - Scholen;BBECC000-9CFE-455D-8B86-AA1201EF9D23;8-2-2021;22-2-2021;Ja;;;;;;;;0;1;2;0;1;2;De leerlingen en collega's waren al opgeroepen door de GGD;;;;0;;;0;;;;;;;;;;;;;;;;;;;;;;;;;;;;;;;;;;;;;;;;;;190;95;2;;;2;;;2;;;2;;;2;;;2;;;3;;;2;;;23;17;;;;Schriftelijk;;49;21;55;30;8;38;60;3;20;;2;We hebben ze niet ingezet/nodig gehad. Leerlingen en personeel, die in aanmerking kwamen getest te worden, zijn door de GGD getest. 
01354C2D-F657-4AD1-8E58-99E7C39C72B6;3;VO;5-5-2021 15:27;5-5-2021 15:33;0;;No parent;.S3 Vragenlijst einde pilot - Edison;B8AD9E78-C98E-435A-B32E-324430F2F25E;;;;;;;;;;;;;;;;;;;;;;;;;;;;;;;;;;;;;;;;;;;;;;;;;;;;;;;;;;;;;;;;;;;;;;;;;;;;;;;;;;;;;;;;;;;;;;;;;;;;;;;;;;;;;;
0D92FF83-0855-42AF-8658-549243DE2FA7;13;PRO;5-5-2021 12:36;5-5-2021 12:36;100;;No parent;.S3 Vragenlijst einde pilot - Scholen;BBECC000-9CFE-455D-8B86-AA1201EF9D23;;;;;;;;;;;;;;;;;;;;;;;;;;;;;;;;;;;;;;;;;;;;;;;;;;;;;;;;;;;;;;;;;;;;;;;;;;;;;;;;;;;;;;;;;;;;;;;;;;;;;;;;;;;;;;
28A0C65B-9981-4987-B95E-4C4B941E7040;12;VO;5-5-2021 15:31;5-5-2021 15:33;0;;No parent;.S3 Vragenlijst einde pilot - Walterbosch;C35DEE63-5E53-46F5-BA60-7FD2110FE253;;;;;;;;;;;;;;;;;;;;;;;;;;;;;;;;;;;;;;;;;;;;;;;;;;;;;;;;;;;;;;;;;;;;;;;;;;;;;;;;;;;;;;;;;;;;;;;;;;;;;;;;;;;;;;
387C301A-73B2-4921-9434-B276D81B3E23;9;VO;5-5-2021 15:33;5-5-2021 15:33;100;25-5-2021 14:51;No parent;.S3 Vragenlijst einde pilot - VLC Mijdrecht;3391E2BD-F905-4A6C-8059-9F8E188D7DBB;;;;;;;;;;;;;;;;;;;;;;;;;;;;;;;;;;;;;;;;;;;;;;;;;;;;;;;;;;;;;;;;;;;;2,5;7;7;2,5;7;7;2,5;7;7;2,5;7;7;5;7;7;2,5;7;7;5;7;7;5;7;7;75;75;5;75;4;;;;;;;;;;;;;;
3AE5D1B6-722C-479F-A379-93A440D013F9;7;VO;5-5-2021 15:29;5-5-2021 15:33;0;;No parent;.S3 Vragenlijst einde pilot - Mheenpark;4D425BBF-9FE7-4DD9-8AAF-70495999AF88;;;;;;;;;;;;;;;;;;;;;;;;;;;;;;;;;;;;;;;;;;;;;;;;;;;;;;;;;;;;;;;;;;;;;;;;;;;;;;;;;;;;;;;;;;;;;;;;;;;;;;;;;;;;;;
40C6C2DE-C7F0-4E9F-8890-1456939BC1D6;27;PRO;5-5-2021 12:43;5-5-2021 12:43;100;;No parent;.S3 Vragenlijst einde pilot - Scholen;BBECC000-9CFE-455D-8B86-AA1201EF9D23;;;;;;;;;;;;;;;;;;;;;;;;;;;;;;;;;;;;;;;;;;;;;;;;;;;;;;;;;;;;;;;;;;;;;;;;;;;;;;;;;;;;;;;;;;;;;;;;;;;;;;;;;;;;;;
485669A9-27CC-4691-B0BF-9999E364667E;5;VO;5-5-2021 15:28;5-5-2021 15:33;0;;No parent;.S3 Vragenlijst einde pilot - Heemgaard;01AA472B-DCA5-48E6-A462-A8CFE04AF146;;;;;;;;;;;;;;;;;;;;;;;;;;;;;;;;;;;;;;;;;;;;;;;;;;;;;;;;;;;;;;;;;;;;;;;;;;;;;;;;;;;;;;;;;;;;;;;;;;;;;;;;;;;;;;
510D7365-1085-4FA0-B52F-7D1160542FDD;28;VO;5-5-2021 12:45;5-5-2021 12:45;100;;No parent;.S3 Vragenlijst einde pilot - Scholen;BBECC000-9CFE-455D-8B86-AA1201EF9D23;;;;;;;;;;;;;;;;;;;;;;;;;;;;;;;;;;;;;;;;;;;;;;;;;;;;;;;;;;;;;;;;;;;;;;;;;;;;;;;;;;;;;;;;;;;;;;;;;;;;;;;;;;;;;;
527475AC-F372-4500-A24E-7B5B1CB49A41;29;VO;5-5-2021 12:50;5-5-2021 12:50;100;;No parent;.S3 Vragenlijst einde pilot - Scholen;BBECC000-9CFE-455D-8B86-AA1201EF9D23;;;;;;;;;;;;;;;;;;;;;;;;;;;;;;;;;;;;;;;;;;;;;;;;;;;;;;;;;;;;;;;;;;;;;;;;;;;;;;;;;;;;;;;;;;;;;;;;;;;;;;;;;;;;;;
61D741E6-0DB3-40F6-97A8-D629DD52CAC9;2;VO;5-5-2021 15:26;5-5-2021 15:33;0;;No parent;.S3 Vragenlijst einde pilot - Cortenbosch;9E614746-5D71-4AE6-B679-B3E9B9914046;;;;;;;;;;;;;;;;;;;;;;;;;;;;;;;;;;;;;;;;;;;;;;;;;;;;;;;;;;;;;;;;;;;;;;;;;;;;;;;;;;;;;;;;;;;;;;;;;;;;;;;;;;;;;;
6F348DE9-9996-497A-B350-2B6E2D2EFD3A;11;VO;5-5-2021 15:30;5-5-2021 15:33;0;;No parent;.S3 Vragenlijst einde pilot - Veluws College Twello;752E366E-016A-4F8B-A129-A33EF768E089;;;;;;;;;;;;;;;;;;;;;;;;;;;;;;;;;;;;;;;;;;;;;;;;;;;;;;;;;;;;;;;;;;;;;;;;;;;;;;;;;;;;;;;;;;;;;;;;;;;;;;;;;;;;;;
74C07290-973D-4C99-B30E-31CC7F3243AC;1;VO;5-5-2021 15:26;5-5-2021 15:33;0;;No parent;.S3 Vragenlijst einde pilot - Christelijk Lyceum;54B8108E-0715-4977-A06C-5E22776E1A7C;;;;;;;;;;;;;;;;;;;;;;;;;;;;;;;;;;;;;;;;;;;;;;;;;;;;;;;;;;;;;;;;;;;;;;;;;;;;;;;;;;;;;;;;;;;;;;;;;;;;;;;;;;;;;;
788047DE-00C6-4162-A167-3A4B97BA706F;25;VSO;5-5-2021 12:59;5-5-2021 12:59;0;;No parent;.S3 Vragenlijst einde pilot - Scholen;BBECC000-9CFE-455D-8B86-AA1201EF9D23;;;;;;;;;;;;;;;;;;;;;;;;;;;;;;;;;;;;;;;;;;;;;;;;;;;;;;;;;;;;;;;;;;;;;;;;;;;;;;;;;;;;;;;;;;;;;;;;;;;;;;;;;;;;;;
7AD22D54-89B7-483E-81B2-B274B2FBA175;20;VSO;5-5-2021 12:38;5-5-2021 12:38;100;17-5-2021 11:38;No parent;.S3 Vragenlijst einde pilot - Scholen;BBECC000-9CFE-455D-8B86-AA1201EF9D23;;;;;;;;;;;;;;;;;;;;;;;;;;;;;;;;;;;;;;;;;;;;;;;;;;;;;;;;;;;;;;;;;;;;;;;;;;;;;;;;;;;;;;;;;;;;;;;;;;;;;;;;;;;;;;Onze school heeft niet meegedaan met de sneltesten. 
7F4DCE34-67C3-496E-933F-D275C20EA56F;15;VO;5-5-2021 12:42;5-5-2021 12:42;100;;No parent;.S3 Vragenlijst einde pilot - Scholen;BBECC000-9CFE-455D-8B86-AA1201EF9D23;;;;;;;;;;;;;;;;;;;;;;;;;;;;;;;;;;;;;;;;;;;;;;;;;;;;;;;;;;;;;;;;;;;;;;;;;;;;;;;;;;;;;;;;;;;;;;;;;;;;;;;;;;;;;;
85C4012A-5CD8-438F-A806-97BFE1175F89;4;VO;5-5-2021 15:28;5-5-2021 15:33;0;;No parent;.S3 Vragenlijst einde pilot - Gymnasium Apeldoorn;3AC839E5-799C-494F-8DE9-F7B37C099179;;;;;;;;;;;;;;;;;;;;;;;;;;;;;;;;;;;;;;;;;;;;;;;;;;;;;;;;;;;;;;;;;;;;;;;;;;;;;;;;;;;;;;;;;;;;;;;;;;;;;;;;;;;;;;
86BE3280-43C2-4B66-9FD2-A44A42A05D98;35;VO;5-5-2021 13:00;5-5-2021 13:00;100;;No parent;.S3 Vragenlijst einde pilot - Scholen;BBECC000-9CFE-455D-8B86-AA1201EF9D23;;;;;;;;;;;;;;;;;;;;;;;;;;;;;;;;;;;;;;;;;;;;;;;;;;;;;;;;;;;;;;;;;;;;;;;;;;;;;;;;;;;;;;;;;;;;;;;;;;;;;;;;;;;;;;
86C822C3-16A5-437E-91C3-C5B6C5202DAD;47;PRO;26-5-2021 10:46;26-5-2021 10:46;0;;No parent;.S3 Vragenlijst einde pilot - Scholen;BBECC000-9CFE-455D-8B86-AA1201EF9D23;;;;;;;;;;;;;;;;;;;;;;;;;;;;;;;;;;;;;;;;;;;;;;;;;;;;;;;;;;;;;;;;;;;;;;;;;;;;;;;;;;;;;;;;;;;;;;;;;;;;;;;;;;;;;;
9655F9C0-8AC7-40A8-A718-3CA71C13B39E;16;VO;5-5-2021 12:53;5-5-2021 12:53;100;;No parent;.S3 Vragenlijst einde pilot - Scholen;BBECC000-9CFE-455D-8B86-AA1201EF9D23;;;;;;;;;;;;;;;;;;;;;;;;;;;;;;;;;;;;;;;;;;;;;;;;;;;;;;;;;;;;;;;;;;;;;;;;;;;;;;;;;;;;;;;;;;;;;;;;;;;;;;;;;;;;;;
9B233D11-B84B-4735-8E8D-502C4CA8C088;6;VO;5-5-2021 15:29;5-5-2021 15:33;100;9-5-2021 23:23;No parent;.S3 Vragenlijst einde pilot - KSG;B44A7990-481A-4459-8698-8136E231BCB1;15-1-2021;18-1-2021;Ja;;;;;;;;;;;;;;;;;;;;;;;;;;;;;;;;;;;;;;;;;;;;;;;;;;;;;;;;;;;;;;;;;;;;;;;;;;;;;;;;;;;;;;;;;;;;;;;;;;;;;;;;;;;
A0AABE38-3570-4490-B81B-B4D39B7F4DE4;8;VO;5-5-2021 15:30;5-5-2021 15:33;0;;No parent;.S3 Vragenlijst einde pilot - Sprengeloo;09F65B3A-846F-4EB5-9E67-A854ED4EBE8E;;;;;;;;;;;;;;;;;;;;;;;;;;;;;;;;;;;;;;;;;;;;;;;;;;;;;;;;;;;;;;;;;;;;;;;;;;;;;;;;;;;;;;;;;;;;;;;;;;;;;;;;;;;;;;
C69A5742-FAA6-4089-BDA9-A86FAB2A4A18;41;VO;5-5-2021 12:55;5-5-2021 12:55;100;;No parent;.S3 Vragenlijst einde pilot - Scholen;BBECC000-9CFE-455D-8B86-AA1201EF9D23;;;;;;;;;;;;;;;;;;;;;;;;;;;;;;;;;;;;;;;;;;;;;;;;;;;;;;;;;;;;;;;;;;;;;;;;;;;;;;;;;;;;;;;;;;;;;;;;;;;;;;;;;;;;;;
CF1B72FF-2694-4BBC-A7C5-408C15CAD325;17;VO;5-5-2021 12:53;5-5-2021 12:53;100;;No parent;.S3 Vragenlijst einde pilot - Scholen;BBECC000-9CFE-455D-8B86-AA1201EF9D23;;;;;;;;;;;;;;;;;;;;;;;;;;;;;;;;;;;;;;;;;;;;;;;;;;;;;;;;;;;;;;;;;;;;;;;;;;;;;;;;;;;;;;;;;;;;;;;;;;;;;;;;;;;;;;
DDCAB78D-FFC9-4888-B6FC-BDA3A16CE4EE;43;VO;5-5-2021 12:41;5-5-2021 12:41;100;;No parent;.S3 Vragenlijst einde pilot - Scholen;BBECC000-9CFE-455D-8B86-AA1201EF9D23;;;;;;;;;;;;;;;;;;;;;;;;;;;;;;;;;;;;;;;;;;;;;;;;;;;;;;;;;;;;;;;;;;;;;;;;;;;;;;;;;;;;;;;;;;;;;;;;;;;;;;;;;;;;;;
F0CE8AB7-4236-49B5-8AFE-93D028062255;32;VSO;5-5-2021 12:44;5-5-2021 12:44;100;;No parent;.S3 Vragenlijst einde pilot - Scholen;BBECC000-9CFE-455D-8B86-AA1201EF9D23;;;;;;;;;;;;;;;;;;;;;;;;;;;;;;;;;;;;;;;;;;;;;;;;;;;;;;;;;;;;;;;;;;;;;;;;;;;;;;;;;;;;;;;;;;;;;;;;;;?;;;;;;;;;;;;
F5352A32-4524-4912-A889-49FBA43FAFD5;44;VO;5-5-2021 13:09;5-5-2021 13:09;100;26-5-2021 9:58;No parent;.S3 Vragenlijst einde pilot - Cals IJsselstein;4A19263B-81E5-4E20-990B-AA77222DD50D;10-3-2021;22-3-2021;Ja;;;;;;;;2;0;0;1;0;0;;0;0;0;0;0;0;0;0;0;0;0;0;0;0;0;0;0;0;1;0;0;0;0;0;1;0;0;1;0;0;0;0;0;0;0;0;0;0;0;0;0;0;0;0;0;0;0;0;1150;650;2,5;;;2,5;;;2,5;;;2,5;;;2,5;;;;;;2,5;;;;;;100;80;6;12;Afhankelijk van de docent. Tussen de 2 en 4.;Digitaal;;;;;;;;;;;;;
FED29DA6-D03E-4A06-A05F-EF397C1AB21A;24;PRO;5-5-2021 12:56;5-5-2021 12:56;0;;No parent;.S3 Vragenlijst einde pilot - Scholen;BBECC000-9CFE-455D-8B86-AA1201EF9D23;;;;;;;;;;;;;;;;;;;;;;;;;;;;;;;;;;;;;;;;;;;;;;;;;;;;;;;;;;;;;;;;;;;;;;;;;;;;;;;;;;;;;;;;;;;;;;;;;;;;;;;;;;;;;;
