Survey Instance Id;Schoolnr.;Type;Survey Creation Date;Survey Sent Date;Survey Progress;Survey Completed On;Survey Parent;Survey Package Name;Survey Package Id;S1_1.1;S1_1.2_klassenleerjaar1;S1_1.2_leerlingenleerjaar1;S1_1.2_klassenleerjaar2;S1_1.2_leerlingenleerjaar2;S1_1.2_klassenleerjaar3;S1_1.2_leerlingenleerjaar3;S1_1.2_klassenleerjaar4;S1_1.2_leerlingenleerjaar4;S1_1.2_klassenleerjaar5;S1_1.2_leerlingenleerjaar5;S1_1.2_klassenleerjaar6;S1_1.2_leerlingenleerjaar6;S1_1.3;S1_1.4;S1_1.5_PRO;S1_1.5_VMBO;S1_1.5_HAVO;S1_1.5_VWO;S1_1.5_gymtechnasium;S1_1.5;S1_1.6;S1_1.8_gbw1_leerjaar1;S1_1.8_gbw1_leerjaar2;S1_1.8_gbw1_leerjaar3;S1_1.8_gbw1_leerjaar4;S1_1.8_gbw1_leerjaar5;S1_1.8_gbw1_leerjaar6;S1_1.8_gbw1_anders;S1_1.9_gbw1_PRO;S1_1.9_gbw1_VMBO;S1_1.9_gbw1_HAVO;S1_1.9_gbw1_VWO;S1_1.9_gbw1_gymtechnasium;S1_1.9_gbw1_VSO;S1_1.10_gbw2_leerjaar1;S1_1.10_gbw2_leerjaar2;S1_1.10_gbw2_leerjaar3;S1_1.10_gbw2_leerjaar4;S1_1.10_gbw2_leerjaar5;S1_1.10_gbw2_leerjaar6;S1_1.10_gbw2_anders;S1_1.11_gbw2_PRO;S1_1.11_gbw2_VMBO;S1_1.11_gbw2_HAVO;S1_1.11_gbw2_VWO;S1_1.11_gbw2_gymtechnasium;S1_1.11_gbw2_VSO;S1_1.12_gbw3_leerjaar1;S1_1.12_gbw3_leerjaar2;S1_1.12_gbw3_leerjaar3;S1_1.12_gbw3_leerjaar4;S1_1.12_gbw3_leerjaar5;S1_1.12_gbw3_leerjaar6;S1_1.12_gbw3_anders;S1_1.13_gbw3_PRO;S1_1.13_gbw3_VMBO;S1_1.13_gbw3_HAVO;S1_1.13_gbw3_VWO;S1_1.13_gbw3_gymtechnasium;S1_1.13_gbw3_VSO;S1_1.14_gbw4_leerjaar1;S1_1.14_gbw4_leerjaar2;S1_1.14_gbw4_leerjaar3;S1_1.14_gbw4_leerjaar4;S1_1.14_gbw4_leerjaar5;S1_1.14_gbw4_leerjaar6;S1_1.14_gbw4_anders;S1_1.15_gbw4_PRO;S1_1.15_gbw4_VMBO;S1_1.15_gbw4_HAVO;S1_1.15_gbw4_VWO;S1_1.15_gbw4_gymtechnasium;S1_1.15_gbw4_VSO;S1_1.16_gbw5_leerjaar1;S1_1.16_gbw5_leerjaar2;S1_1.16_gbw5_leerjaar3;S1_1.16_gbw5_leerjaar4;S1_1.16_gbw5_leerjaar5;S1_1.16_gbw5_leerjaar6;S1_1.16_gbw5_anders;S1_1.17_gbw5_PRO;S1_1.17_gbw5_VMBO;S1_1.17_gbw5_HAVO;S1_1.17_gbw5_VWO;S1_1.17_gbw5_gymtechnasium;S1_1.17_gbw5_VSO;S1_1.18_gbw6_leerjaar1;S1_1.18_gbw6_leerjaar2;S1_1.18_gbw6_leerjaar3;S1_1.18_gbw6_leerjaar4;S1_1.18_gbw6_leerjaar5;S1_1.18_gbw6_leerjaar6;S1_1.18_gbw6_anders;S1_1.19_gbw6_PRO;S1_1.19_gbw6_VMBO;S1_1.19_gbw6_HAVO;S1_1.19_gbw6_VWO;S1_1.19_gbw6_gymtechnasium;S1_1.19_gbw6_VSO;S1_2.2;S1_2.3;S1_2.4;S1_2.5;S1_2.6;S1_2.7_binnenkomst_school;S1_2.7_binnenkomst_klaslokaal;S1_2.7_aula_kantine;S1_2.7_Niet;S1_2.8;S1_2.9_kleinereklassen;S1_2.9_digitaalhybride;S1_2.9_anders;S1_2.10;S1_2.11;S1_2.12_gespreidestarteindtijden;S1_2.12_gespreidepauzetijden;S1_2.12_extrapauzeruimtebuiten;S1_2.12_extrapauzeruimtebinnen;S1_2.12_pauzeklaslokaal;S1_2.12_pauzeeigenklas;S1_2.12_pauzeeigenleerjaar;S1_2.12_anders;S1_2.13;S1_2.14;S1_2.15;S1_2.16_medewerkers;S1_2.16_leerlingen;S1_2.16_nee
0D8622BF-1E7A-4A0D-B494-4DA2CBB41FE2;21;VSO;4-2-2021 16:31;4-2-2021 16:31;100;5-2-2021 9:47;No parent;S1 Vragenlijst bij start - Scholen;4EE957BA-4F2F-464C-828B-F08116D15F50;114;1;12;2;18;1;15;3;30;2;27;1;12;19;24;1;0;0;0;0;0;1;0;0;0;0;0;0;0;0;0;0;0;0;0;0;0;0;0;0;0;0;0;0;0;0;0;0;0;0;0;0;0;0;0;0;0;0;0;0;0;0;0;0;0;0;0;0;0;0;0;0;0;0;0;0;0;0;0;0;0;0;0;0;0;0;0;0;0;0;0;0;0;0;0;0;0;0;0;0;Deels;Wij zijn een vso-school en volgen het protocol vso;Ja, in alle gangen/gedeelde ruimtes;Ja;Nee;1;1;0;0;Ja;0;0;1;;;0;1;0;0;0;1;0;0;Voornamelijk losse zitplaatsen;Ja, per vak zelfde klassering;Geen specifiek beleid voor het wisselen van de klaslokalen;1;1;0
B0C7D9EA-98CE-41EC-A578-1A251CB3DCB0;23;VSO;4-2-2021 16:45;4-2-2021 16:45;100;11-2-2021 11:03;No parent;S1 Vragenlijst bij start - Scholen;4EE957BA-4F2F-464C-828B-F08116D15F50;199;3;34;4;40;4;45;2;24;3;30;2;26;28;62;0;0;0;0;0;1;1;0;0;0;0;0;0;0;0;0;0;0;0;0;0;0;0;0;0;0;0;0;0;0;0;0;0;0;0;0;0;0;0;0;0;0;0;0;0;0;0;0;0;0;0;0;0;0;0;0;0;0;0;0;0;0;0;0;0;0;0;0;0;0;0;0;0;0;0;0;0;0;0;0;0;0;0;0;0;Deels;Wij hebben een nood- en crisisopvang voor leerlingen op school ingericht en vangen dagelijks ongeveer 10 leelringen in school op. We zijn dus niet volledig gesloten. ;Ja, in alle gangen/gedeelde ruimtes;Ja;Ja;1;0;0;0;Ja;1;1;0;50;60;0;1;0;0;1;0;0;0;Voornamelijk losse zitplaatsen;Ja, alle vakken zelfde klassering;De docenten wisselen van klaslokalen tussen de lessen, leerlingen blijven (zoveel mogelijk) in hetzelfde lokaal;1;1;0
04B621F0-E942-4443-B513-7F2A3FD517F4;18;VO;4-2-2021 17:06;4-2-2021 17:06;100;5-2-2021 11:19;No parent;S1 Vragenlijst bij start - Scholen;4EE957BA-4F2F-464C-828B-F08116D15F50;375;5;101;5;96;5;84;5;94;0;;0;;39;18;0;1;0;0;0;0;1;0;0;0;0;0;0;0;0;0;0;0;0;0;0;0;0;0;0;0;0;0;0;0;0;0;0;0;0;0;0;0;0;0;0;0;0;0;0;0;0;0;0;0;0;0;0;0;0;0;0;0;0;0;0;0;0;0;0;0;0;0;0;0;0;0;0;0;0;0;0;0;0;0;0;0;0;0;0;Ja;;Nee;Ja;Deels;1;1;0;0;Nee;0;1;1;;50;0;1;0;0;0;0;1;0;Voornamelijk losse zitplaatsen;Nee;De docenten wisselen van klaslokalen tussen de lessen, leerlingen blijven (zoveel mogelijk) in hetzelfde lokaal;1;1;0
1903BDA3-7BA1-4BC9-9B94-DC36F65CDF2C;30;PRO;4-2-2021 17:10;4-2-2021 17:10;100;4-2-2021 18:38;No parent;S1 Vragenlijst bij start - Scholen;4EE957BA-4F2F-464C-828B-F08116D15F50;334;4;58;5;75;4;58;4;56;5;87;;;30;27;1;0;0;0;0;0;1;0;0;0;0;0;0;0;0;0;0;0;0;0;0;0;0;0;0;0;0;0;0;0;0;0;0;0;0;0;0;0;0;0;0;0;0;0;0;0;0;0;0;0;0;0;0;0;0;0;0;0;0;0;0;0;0;0;0;0;0;0;0;0;0;0;0;0;0;0;0;0;0;0;0;0;0;0;0;Ja;;Nee;Ja;Nee;1;1;0;0;Ja;1;0;0;50;;1;0;0;0;1;1;0;0;Voornamelijk losse zitplaatsen;Ja, per vak zelfde klassering;Geen specifiek beleid voor het wisselen van de klaslokalen;1;1;0
2BF3C919-7B42-4A2B-8533-3633F256B258;19;PRO;4-2-2021 17:11;4-2-2021 17:11;100;5-2-2021 9:58;No parent;S1 Vragenlijst bij start - Scholen;4EE957BA-4F2F-464C-828B-F08116D15F50;206;3;43;3;41;3;56;3;39;2;27;;;29;22;1;0;0;0;0;0;2;1;1;1;0;0;0;0;0;1;0;0;0;0;0;0;1;1;1;0;0;0;1;0;0;0;0;0;0;0;0;0;0;0;0;0;0;0;0;0;0;0;0;0;0;0;0;0;0;0;0;0;0;0;0;0;0;0;0;0;0;0;0;0;0;0;0;0;0;0;0;0;0;0;0;0;0;0;0;Ja;;Ja, in een deel van de gangen/gedeelde ruimtes;Ja;Nee;1;1;0;0;Ja;0;1;1;;60;0;0;1;0;0;0;0;0;Voornamelijk losse zitplaatsen;Ja, per vak zelfde klassering;De docenten wisselen van klaslokalen tussen de lessen, leerlingen blijven (zoveel mogelijk) in hetzelfde lokaal;1;1;0
2E64E851-4DA8-4534-9894-98A7AB553147;15;VO;4-2-2021 16:36;4-2-2021 16:36;100;5-2-2021 21:43;No parent;S1 Vragenlijst bij start - Scholen;4EE957BA-4F2F-464C-828B-F08116D15F50;1323;11;244;12;275;13;297;14;334;5;129;2;44;118;28;0;1;1;1;0;0;2;1;1;1;1;1;1;0;0;0;1;1;1;0;1;1;1;1;0;0;0;0;0;1;0;0;0;0;0;0;0;0;0;0;0;0;0;0;0;0;0;0;0;0;0;0;0;0;0;0;0;0;0;0;0;0;0;0;0;0;0;0;0;0;0;0;0;0;0;0;0;0;0;0;0;0;0;0;0;Ja;;Ja, in een deel van de gangen/gedeelde ruimtes;Ja;Nee;1;1;0;0;Nee;0;1;0;;80;0;0;0;0;1;0;0;0;Voornamelijk losse zitplaatsen;Nee;Geen specifiek beleid voor het wisselen van de klaslokalen;1;1;0
48DDDA2F-7B66-4BCA-892C-1E8C7BB20838;14;VO;4-2-2021 16:26;4-2-2021 16:26;100;9-2-2021 12:50;No parent;S1 Vragenlijst bij start - Scholen;4EE957BA-4F2F-464C-828B-F08116D15F50;505;6;113;6;121;7;128;9;140;;;;;50;15;0;1;0;0;0;0;1;0;0;0;0;0;0;0;0;0;0;0;0;0;0;0;0;0;0;0;0;0;0;0;0;0;0;0;0;0;0;0;0;0;0;0;0;0;0;0;0;0;0;0;0;0;0;0;0;0;0;0;0;0;0;0;0;0;0;0;0;0;0;0;0;0;0;0;0;0;0;0;0;0;0;0;0;0;0;Ja;;Nee;Ja;Ja;1;1;0;0;Nee;1;1;0;25;75;0;1;0;0;0;0;0;0;Voornamelijk losse zitplaatsen;Ja, alle vakken zelfde klassering;Geen specifiek beleid voor het wisselen van de klaslokalen;1;1;0
4DC34304-C1A7-4C22-9380-40F3EAD98FE1;25;VSO;4-2-2021 17:16;4-2-2021 17:16;100;5-2-2021 12:46;No parent;S1 Vragenlijst bij start - Scholen;4EE957BA-4F2F-464C-828B-F08116D15F50;133;2;23;3;37;3;35;4;38;0;0;0;0;20;13;0;1;0;0;0;0;2;1;1;1;1;0;0;0;0;0;1;0;0;0;0;1;1;1;0;0;0;0;0;1;0;0;0;0;0;0;0;0;0;0;0;0;0;0;0;0;0;0;0;0;0;0;0;0;0;0;0;0;0;0;0;0;0;0;0;0;0;0;0;0;0;0;0;0;0;0;0;0;0;0;0;0;0;0;0;Ja;;Ja, in alle gangen/gedeelde ruimtes;Ja;Deels;0;1;0;0;Ja;0;1;0;;50;1;0;0;0;0;1;0;0;Voornamelijk losse zitplaatsen;Ja, alle vakken zelfde klassering;De docenten wisselen van klaslokalen tussen de lessen, leerlingen blijven (zoveel mogelijk) in hetzelfde lokaal;1;1;0
6AECB15F-E884-4DBD-830C-C36283F71E08;27;PRO;4-2-2021 16:37;4-2-2021 16:37;100;8-2-2021 8:46;No parent;S1 Vragenlijst bij start - Scholen;4EE957BA-4F2F-464C-828B-F08116D15F50;234;3;39;3;37;4;48;7;46;4;47;2;17;32;12;1;0;0;0;0;0;1;0;0;0;0;0;0;0;0;0;0;0;0;0;0;0;0;0;0;0;0;0;0;0;0;0;0;0;0;0;0;0;0;0;0;0;0;0;0;0;0;0;0;0;0;0;0;0;0;0;0;0;0;0;0;0;0;0;0;0;0;0;0;0;0;0;0;0;0;0;0;0;0;0;0;0;0;0;0;Ja;;Ja, in alle gangen/gedeelde ruimtes;Ja;Ja;1;1;1;0;Ja;0;1;0;;75;0;0;0;0;0;1;1;0;Voornamelijk losse zitplaatsen;Ja, per vak zelfde klassering;De docenten wisselen van klaslokalen tussen de lessen, leerlingen blijven (zoveel mogelijk) in hetzelfde lokaal;1;1;0
7C528622-B7D3-403A-96A7-8D600084A700;31;PRO;4-2-2021 17:09;4-2-2021 17:09;100;5-2-2021 15:20;No parent;S1 Vragenlijst bij start - Scholen;4EE957BA-4F2F-464C-828B-F08116D15F50;225;3;30;3;36;4;50;4;52;5;57;;;30;15;1;0;0;0;0;0;1;0;0;0;0;0;0;0;0;0;0;0;0;0;0;0;0;0;0;0;0;0;0;0;0;0;0;0;0;0;0;0;0;0;0;0;0;0;0;0;0;0;0;0;0;0;0;0;0;0;0;0;0;0;0;0;0;0;0;0;0;0;0;0;0;0;0;0;0;0;0;0;0;0;0;0;0;0;0;Ja;;Ja, in een deel van de gangen/gedeelde ruimtes;Ja;Nee;1;1;0;0;Nee;0;1;0;;80;1;0;0;0;0;1;0;0;Voornamelijk losse zitplaatsen;Ja, per vak zelfde klassering;Geen specifiek beleid voor het wisselen van de klaslokalen;1;1;0
97639278-B613-4306-B11E-3B3A5CC662DD;16;VO;4-2-2021 16:48;4-2-2021 16:48;100;10-2-2021 11:26;No parent;S1 Vragenlijst bij start - Scholen;4EE957BA-4F2F-464C-828B-F08116D15F50;568;3;88;4;111;4;97;3;89;4;103;3;81;52;13;0;0;0;0;1;0;2;1;1;1;1;1;1;0;0;0;0;0;0;1;0;0;0;1;1;1;0;0;0;0;0;0;1;0;0;0;0;0;0;0;0;0;0;0;0;0;0;0;0;0;0;0;0;0;0;0;0;0;0;0;0;0;0;0;0;0;0;0;0;0;0;0;0;0;0;0;0;0;0;0;0;0;0;0;0;Ja;;Ja, in een deel van de gangen/gedeelde ruimtes;Ja;Deels;1;1;0;0;Ja;1;1;0;50;70;0;0;1;0;1;1;0;0;Voornamelijk losse zitplaatsen;Nee;Geen specifiek beleid voor het wisselen van de klaslokalen;1;1;0
A5D3BBCD-A596-4680-965B-1AA9BF7C2C2A;10;VO;4-2-2021 17:14;4-2-2021 17:14;100;5-2-2021 13:08;No parent;S1 Vragenlijst bij start - Scholen;4EE957BA-4F2F-464C-828B-F08116D15F50;1437;9;253;10;248;13;328;13;330;8;214;2;64;120;30;0;1;1;1;0;0;2;1;1;1;1;1;1;0;0;0;1;1;1;0;1;1;1;1;0;0;0;0;0;1;1;1;0;0;0;0;0;0;0;0;0;0;0;0;0;0;0;0;0;0;0;0;0;0;0;0;0;0;0;0;0;0;0;0;0;0;0;0;0;0;0;0;0;0;0;0;0;0;0;0;0;0;0;0;0;Ja;;Ja, in een deel van de gangen/gedeelde ruimtes;Ja;Deels;1;1;0;0;Nee;1;1;0;50;50;1;1;0;0;1;1;0;0;Voornamelijk losse zitplaatsen;Nee;De docenten wisselen van klaslokalen tussen de lessen, leerlingen blijven (zoveel mogelijk) in hetzelfde lokaal;1;1;0
E6EEA42E-BA9B-473E-810A-E62F48663CA9;32;VSO;4-2-2021 16:39;4-2-2021 16:39;100;8-2-2021 10:58;No parent;S1 Vragenlijst bij start - Scholen;4EE957BA-4F2F-464C-828B-F08116D15F50;320;5;90;5;60;6;60;5;50;2;60;;;50;20;0;0;0;0;0;1;1;0;0;0;0;0;0;0;0;0;0;0;0;0;0;0;0;0;0;0;0;0;0;0;0;0;0;0;0;0;0;0;0;0;0;0;0;0;0;0;0;0;0;0;0;0;0;0;0;0;0;0;0;0;0;0;0;0;0;0;0;0;0;0;0;0;0;0;0;0;0;0;0;0;0;0;0;0;0;Ja;;Nee;Ja;Ja;1;1;1;0;Nee;1;1;0;50;50;0;1;1;1;0;1;0;0;Voornamelijk losse zitplaatsen;Ja, per vak zelfde klassering;De leerlingen wisselen van klaslokalen tussen de lessen, docenten blijven (zoveel mogelijk) in hetzelfde lokaal;1;1;0
00A37D35-74F4-4957-A74F-C7B62C82987C;4;VO;11-2-2021 14:51;22-3-2021 16:29;100;22-3-2021 17:44;No parent;S1 Vragenlijst bij start - Gymnasium te Apeldoorn;A384AC0E-BE28-481F-A47F-3D0F23B00A1E;620;4;107;4;100;4;104;4;121;3;94;3;94;76;0;0;0;0;0;1;0;2;1;1;1;1;1;1;0;0;0;0;0;1;0;1;1;1;1;1;1;0;0;0;0;0;1;0;0;0;0;0;0;0;0;0;0;0;0;0;0;0;0;0;0;0;0;0;0;0;0;0;0;0;0;0;0;0;0;0;0;0;0;0;0;0;0;0;0;0;0;0;0;0;0;0;0;0;0;0;;;;;;0;0;0;0;;0;0;0;;;0;0;0;0;0;0;0;0;;;;0;0;0
172A8081-7FFF-4109-86AD-23A2EC340372;5;VO;11-2-2021 14:53;22-3-2021 16:29;100;22-3-2021 17:42;No parent;S1 Vragenlijst bij start - Heemgaard Apeldoorn;83D95E87-CC1F-4219-A69E-652A3E8144A2;1202;9;216;11;277;9;249;10;257;6;152;2;51;164;0;0;1;1;1;0;0;1;0;0;0;0;0;0;0;0;0;0;0;0;0;0;0;0;0;0;0;0;0;0;0;0;0;0;0;0;0;0;0;0;0;0;0;0;0;0;0;0;0;0;0;0;0;0;0;0;0;0;0;0;0;0;0;0;0;0;0;0;0;0;0;0;0;0;0;0;0;0;0;0;0;0;0;0;0;0;;;;;;0;0;0;0;;0;0;0;;;0;0;0;0;0;0;0;0;;;;0;0;0
19C1AFC6-F53D-4E76-AB8F-6864035FCAAD;12;VO;11-2-2021 14:58;9-3-2021 14:02;100;12-3-2021 17:00;No parent;S1 Vragenlijst bij start - Walterbosch Apeldoorn;8D5D1DEC-29B0-410F-9C77-8BF4FFA23E41;1560;8;193;9;234;8;202;14;406;15;386;5;139;175;0;0;0;1;1;1;0;2;0;0;0;0;0;0;1;0;0;1;1;1;0;0;0;0;0;0;0;1;0;0;1;1;1;0;0;0;0;0;0;0;0;0;0;0;0;0;0;0;0;0;0;0;0;0;0;0;0;0;0;0;0;0;0;0;0;0;0;0;0;0;0;0;0;0;0;0;0;0;0;0;0;0;0;0;0;0;;;;;;0;0;0;0;;0;0;0;;;0;0;0;0;0;0;0;0;;;;0;0;0
3B79FD20-8E03-4B5D-B199-9306408B845F;3;VO;11-2-2021 14:54;9-3-2021 14:02;100;12-3-2021 16:56;No parent;S1 Vragenlijst bij start - Edison Apeldoorn;79C6521D-4F7D-4C8C-84B1-5EB473409112;452;7;131;5;108;5;112;5;101;;;;;77;0;0;1;0;0;0;0;1;0;0;0;0;0;0;0;0;0;0;0;0;0;0;0;0;0;0;0;0;0;0;0;0;0;0;0;0;0;0;0;0;0;0;0;0;0;0;0;0;0;0;0;0;0;0;0;0;0;0;0;0;0;0;0;0;0;0;0;0;0;0;0;0;0;0;0;0;0;0;0;0;0;0;0;0;0;0;;;;;;0;0;0;0;;0;0;0;;;0;0;0;0;0;0;0;0;;;;0;0;0
51F98F5D-7601-45E4-B0B4-C03B74D14EAB;1;VO;11-2-2021 14:52;9-3-2021 14:02;100;12-3-2021 16:48;No parent;S1 Vragenlijst bij start - Christelijk Lyceum Apeldoorn;DD80F76C-9201-40C4-A912-EBF86F1BB5A3;1384;9;214;11;268;11;293;13;335;7;199;3;75;150;0;0;1;1;1;1;0;2;0;0;0;0;0;0;1;0;1;1;1;1;0;0;0;0;0;0;0;1;0;1;1;1;1;0;0;0;0;0;0;0;0;0;0;0;0;0;0;0;0;0;0;0;0;0;0;0;0;0;0;0;0;0;0;0;0;0;0;0;0;0;0;0;0;0;0;0;0;0;0;0;0;0;0;0;0;0;;;;;;0;0;0;0;;0;0;0;;;0;0;0;0;0;0;0;0;;;;0;0;0
7B64FA1A-292F-4240-BC0E-06D793456E4C;6;VO;17-3-2021 12:46;22-3-2021 16:29;100;22-3-2021 17:12;No parent;S1 Vragenlijst bij start - KSG Apeldoorn;3F7D60AA-A217-4707-9C2A-5885C70E3872;1087;8;167;7;174;9;219;11;285;7;180;3;62;128;0;0;1;1;1;0;0;2;1;1;1;0;0;0;0;0;1;0;0;0;0;1;1;1;1;1;1;0;0;1;1;1;0;0;0;0;0;0;0;0;0;0;0;0;0;0;0;0;0;0;0;0;0;0;0;0;0;0;0;0;0;0;0;0;0;0;0;0;0;0;0;0;0;0;0;0;0;0;0;0;0;0;0;0;0;0;;;;;;0;0;0;0;;0;0;0;;;0;0;0;0;0;0;0;0;;;;0;0;0
87188E3D-E160-4475-A77E-95D0E56629F6;7;VO;11-2-2021 14:58;9-3-2021 14:02;100;12-3-2021 16:57;No parent;S1 Vragenlijst bij start - Mheenpark Apeldoorn;58344DC2-AB93-4C55-9957-F0FDACD0FA93;762;9;231;7;182;9;220;5;129;;;;;89;0;0;1;1;1;0;0;2;0;0;0;0;0;0;1;0;1;1;1;0;0;0;0;0;0;0;0;1;0;1;1;1;0;0;0;0;0;0;0;0;0;0;0;0;0;0;0;0;0;0;0;0;0;0;0;0;0;0;0;0;0;0;0;0;0;0;0;0;0;0;0;0;0;0;0;0;0;0;0;0;0;0;0;0;0;0;;;;;;0;0;0;0;;0;0;0;;;0;0;0;0;0;0;0;0;;;;0;0;0
9A28F02D-1DA1-4288-824F-1FFF1D3E0F32;8;VO;11-2-2021 14:55;22-3-2021 16:29;100;22-3-2021 17:45;No parent;S1 Vragenlijst bij start - Sprengeloo Apeldoorn;F41D7EE7-36D5-472C-B126-3C2E99B77583;939;11;238;11;234;10;214;12;253;;;;;131;0;0;1;0;0;0;0;1;0;0;0;0;0;0;0;0;0;0;0;0;0;0;0;0;0;0;0;0;0;0;0;0;0;0;0;0;0;0;0;0;0;0;0;0;0;0;0;0;0;0;0;0;0;0;0;0;0;0;0;0;0;0;0;0;0;0;0;0;0;0;0;0;0;0;0;0;0;0;0;0;0;0;0;0;0;0;;;;;;0;0;0;0;;0;0;0;;;0;0;0;0;0;0;0;0;;;;0;0;0
9BE71478-EAA7-4845-94DF-E03B31F20A04;28;VO;4-2-2021 16:40;6-4-2021 11:47;0;;No parent;S1 Vragenlijst bij start - Scholen;4EE957BA-4F2F-464C-828B-F08116D15F50;;;;;;;;;;;;;;;;0;0;0;0;0;0;;0;0;0;0;0;0;0;0;0;0;0;0;0;0;0;0;0;0;0;0;0;0;0;0;0;0;0;0;0;0;0;0;0;0;0;0;0;0;0;0;0;0;0;0;0;0;0;0;0;0;0;0;0;0;0;0;0;0;0;0;0;0;0;0;0;0;0;0;0;0;0;0;0;0;0;0;0;0;;;;;;0;0;0;0;;0;0;0;;;0;0;0;0;0;0;0;0;;;;0;0;0
9D608315-AC03-4169-A857-FB0DDD64DE29;17;VO;4-2-2021 16:51;6-4-2021 12:45;0;;No parent;S1 Vragenlijst bij start - Scholen;4EE957BA-4F2F-464C-828B-F08116D15F50;;;;;;;;;;;;;;;;0;0;0;0;0;0;;0;0;0;0;0;0;0;0;0;0;0;0;0;0;0;0;0;0;0;0;0;0;0;0;0;0;0;0;0;0;0;0;0;0;0;0;0;0;0;0;0;0;0;0;0;0;0;0;0;0;0;0;0;0;0;0;0;0;0;0;0;0;0;0;0;0;0;0;0;0;0;0;0;0;0;0;0;0;;;;;;0;0;0;0;;0;0;0;;;0;0;0;0;0;0;0;0;;;;0;0;0
D12C0163-D173-4654-B255-728D41E90833;2;VO;11-2-2021 14:56;9-3-2021 14:02;100;12-3-2021 16:54;No parent;S1 Vragenlijst bij start - Cortenbosch Apeldoorn;9C6E20AC-D971-43FE-8877-ABBB2BDBE087;718;9;203;7;164;11;207;9;144;;;;;88;0;0;1;0;0;0;0;1;0;0;0;0;0;0;0;0;0;0;0;0;0;0;0;0;0;0;0;0;0;0;0;0;0;0;0;0;0;0;0;0;0;0;0;0;0;0;0;0;0;0;0;0;0;0;0;0;0;0;0;0;0;0;0;0;0;0;0;0;0;0;0;0;0;0;0;0;0;0;0;0;0;0;0;0;0;0;;;;;;0;0;0;0;;0;0;0;;;0;0;0;0;0;0;0;0;;;;0;0;0
E02E9F0B-67B0-413F-92DF-3194730E8E2B;13;PRO;4-2-2021 16:24;9-3-2021 9:27;0;;No parent;S1 Vragenlijst bij start - Scholen;4EE957BA-4F2F-464C-828B-F08116D15F50;;;;;;;;;;;;;;;;0;0;0;0;0;0;;0;0;0;0;0;0;0;0;0;0;0;0;0;0;0;0;0;0;0;0;0;0;0;0;0;0;0;0;0;0;0;0;0;0;0;0;0;0;0;0;0;0;0;0;0;0;0;0;0;0;0;0;0;0;0;0;0;0;0;0;0;0;0;0;0;0;0;0;0;0;0;0;0;0;0;0;0;0;;;;;;0;0;0;0;;0;0;0;;;0;0;0;0;0;0;0;0;;;;0;0;0
E173DED4-9D23-45A3-B0AC-B8308112DA87;11;VO;11-2-2021 14:59;9-3-2021 14:02;0;;No parent;S1 Vragenlijst bij start - Veluws College Twello;769B2588-8541-4FDB-9C79-5C68C18F8DEE;;;;;;;;;;;;;;;;0;0;0;0;0;0;;0;0;0;0;0;0;0;0;0;0;0;0;0;0;0;0;0;0;0;0;0;0;0;0;0;0;0;0;0;0;0;0;0;0;0;0;0;0;0;0;0;0;0;0;0;0;0;0;0;0;0;0;0;0;0;0;0;0;0;0;0;0;0;0;0;0;0;0;0;0;0;0;0;0;0;0;0;0;;;;;;0;0;0;0;;0;0;0;;;0;0;0;0;0;0;0;0;;;;0;0;0
E75B2D99-F31B-4231-8CAA-7B2335729DA6;9;VO;4-2-2021 17:13;5-5-2021 15:34;0;;No parent;S1 Vragenlijst bij start - Scholen;4EE957BA-4F2F-464C-828B-F08116D15F50;;;;;;;;;;;;;;;;0;0;0;0;0;0;;0;0;0;0;0;0;0;0;0;0;0;0;0;0;0;0;0;0;0;0;0;0;0;0;0;0;0;0;0;0;0;0;0;0;0;0;0;0;0;0;0;0;0;0;0;0;0;0;0;0;0;0;0;0;0;0;0;0;0;0;0;0;0;0;0;0;0;0;0;0;0;0;0;0;0;0;0;0;;;;;;0;0;0;0;;0;0;0;;;0;0;0;0;0;0;0;0;;;;0;0;0
012ADC7D-855E-46E5-BDD3-09D7CA142A48;40;VO;8-3-2021 14:08;8-3-2021 14:08;100;9-3-2021 13:15;No parent;S1 Vragenlijst bij start - Scholen;4EE957BA-4F2F-464C-828B-F08116D15F50;714;9;215;7;159;8;179;7;161;;;;;70;18;0;1;1;1;0;0;1;0;0;0;0;0;0;0;0;0;0;0;0;0;0;0;0;0;0;0;0;0;0;0;0;0;0;0;0;0;0;0;0;0;0;0;0;0;0;0;0;0;0;0;0;0;0;0;0;0;0;0;0;0;0;0;0;0;0;0;0;0;0;0;0;0;0;0;0;0;0;0;0;0;0;0;0;0;0;;;;;;;;;;;;;;;;;;;;;;;;;;;;;
1AA5B038-B0C9-4790-8B66-3E1BB361583C;39;VO;8-3-2021 14:09;8-3-2021 14:09;100;8-3-2021 15:54;No parent;S1 Vragenlijst bij start - Scholen;4EE957BA-4F2F-464C-828B-F08116D15F50;1735;16;387;14;356;14;322;16;386;8;220;2;64;140;67;0;1;1;1;1;0;1;0;0;0;0;0;0;0;0;0;0;0;0;0;0;0;0;0;0;0;0;0;0;0;0;0;0;0;0;0;0;0;0;0;0;0;0;0;0;0;0;0;0;0;0;0;0;0;0;0;0;0;0;0;0;0;0;0;0;0;0;0;0;0;0;0;0;0;0;0;0;0;0;0;0;0;0;0;0;;;;;;;;;;;;;;;;;;;;;;;;;;;;;
2ED537B1-B8F7-44D0-8D99-B4D6331ED0FF;38;VO;8-3-2021 14:02;8-3-2021 14:02;100;15-3-2021 11:14;No parent;S1 Vragenlijst bij start - Scholen;4EE957BA-4F2F-464C-828B-F08116D15F50;1038;6;158;8;192;9;228;10;250;7;178;1;31;85;46;0;0;1;1;1;0;1;0;0;0;0;0;0;0;0;0;0;0;0;0;0;0;0;0;0;0;0;0;0;0;0;0;0;0;0;0;0;0;0;0;0;0;0;0;0;0;0;0;0;0;0;0;0;0;0;0;0;0;0;0;0;0;0;0;0;0;0;0;0;0;0;0;0;0;0;0;0;0;0;0;0;0;0;0;0;;;;;;;;;;;;;;;;;;;;;;;;;;;;;
56EB86AD-53E9-485C-A181-A48D593E8B79;41;VO;8-3-2021 13:59;8-3-2021 13:59;100;8-3-2021 23:01;No parent;S1 Vragenlijst bij start - Scholen;4EE957BA-4F2F-464C-828B-F08116D15F50;903;5;118;6;165;9;221;9;227;4;129;2;43;67;18;0;1;1;1;1;0;1;0;0;0;0;0;0;0;0;0;0;0;0;0;0;0;0;0;0;0;0;0;0;0;0;0;0;0;0;0;0;0;0;0;0;0;0;0;0;0;0;0;0;0;0;0;0;0;0;0;0;0;0;0;0;0;0;0;0;0;0;0;0;0;0;0;0;0;0;0;0;0;0;0;0;0;0;0;0;;;;;;;;;;;;;;;;;;;;;;;;;;;;;
680CEC63-998F-477C-9C11-4CF92252A9E7;37;VO;8-3-2021 13:59;6-4-2021 13:18;0;;No parent;S1 Vragenlijst bij start - Scholen;4EE957BA-4F2F-464C-828B-F08116D15F50;;;;;;;;;;;;;;;;0;0;0;0;0;0;;0;0;0;0;0;0;0;0;0;0;0;0;0;0;0;0;0;0;0;0;0;0;0;0;0;0;0;0;0;0;0;0;0;0;0;0;0;0;0;0;0;0;0;0;0;0;0;0;0;0;0;0;0;0;0;0;0;0;0;0;0;0;0;0;0;0;0;0;0;0;0;0;0;0;0;0;0;0;;;;;;;;;;;;;;;;;;;;;;;;;;;;;
6A3A93D1-4F6E-422F-A15A-9C52C1FAFA4E;45;VO;8-3-2021 14:07;11-3-2021 10:12;100;11-3-2021 12:22;No parent;S1 Vragenlijst bij start - Scholen;4EE957BA-4F2F-464C-828B-F08116D15F50;3000;23;531;27;613;30;637;34;777;18;504;8;253;313;112;0;1;1;1;1;0;2;1;1;1;1;1;1;0;0;0;1;1;1;0;1;1;1;1;1;0;0;0;1;1;1;0;0;0;0;0;0;0;0;0;0;0;0;0;0;0;0;0;0;0;0;0;0;0;0;0;0;0;0;0;0;0;0;0;0;0;0;0;0;0;0;0;0;0;0;0;0;0;0;0;0;0;0;0;0;;;;;;;;;;;;;;;;;;;;;;;;;;;;;
744F9701-FBA9-4624-A245-B43EAA6B20C1;43;VO;8-3-2021 13:57;8-3-2021 13:57;0;;No parent;S1 Vragenlijst bij start - Scholen;4EE957BA-4F2F-464C-828B-F08116D15F50;;;;;;;;;;;;;;;;0;0;0;0;0;0;;0;0;0;0;0;0;0;0;0;0;0;0;0;0;0;0;0;0;0;0;0;0;0;0;0;0;0;0;0;0;0;0;0;0;0;0;0;0;0;0;0;0;0;0;0;0;0;0;0;0;0;0;0;0;0;0;0;0;0;0;0;0;0;0;0;0;0;0;0;0;0;0;0;0;0;0;0;0;;;;;;;;;;;;;;;;;;;;;;;;;;;;;
7EBA081C-6196-4513-8A48-2AE3E58D615E;34;VO;8-3-2021 14:01;8-3-2021 14:01;100;21-3-2021 13:13;No parent;S1 Vragenlijst bij start - Scholen;4EE957BA-4F2F-464C-828B-F08116D15F50;2043;12;349;17;384;17;468;19;515;9;262;2;63;160;60;0;1;1;1;1;0;1;0;0;0;0;0;0;0;0;0;0;0;0;0;0;0;0;0;0;0;0;0;0;0;0;0;0;0;0;0;0;0;0;0;0;0;0;0;0;0;0;0;0;0;0;0;0;0;0;0;0;0;0;0;0;0;0;0;0;0;0;0;0;0;0;0;0;0;0;0;0;0;0;0;0;0;0;0;0;;;;;;;;;;;;;;;;;;;;;;;;;;;;;
945CA0A2-D8C1-4F0C-86EA-8220495E7915;36;VO;8-3-2021 13:55;8-3-2021 13:55;100;11-3-2021 14:55;No parent;S1 Vragenlijst bij start - Scholen;4EE957BA-4F2F-464C-828B-F08116D15F50;1650;12;265;11;289;9;310;11;303;11;275;6;191;132;45;0;0;1;1;0;0;1;0;0;0;0;0;0;0;0;0;0;0;0;0;0;0;0;0;0;0;0;0;0;0;0;0;0;0;0;0;0;0;0;0;0;0;0;0;0;0;0;0;0;0;0;0;0;0;0;0;0;0;0;0;0;0;0;0;0;0;0;0;0;0;0;0;0;0;0;0;0;0;0;0;0;0;0;0;0;;;;;;;;;;;;;;;;;;;;;;;;;;;;;
9466C585-1AF9-4C03-AFDD-674D34963CE0;46;PRO;15-4-2021 16:08;15-4-2021 16:08;0;;No parent;S1 Vragenlijst bij start - HPC Charlois;D3E2A534-484B-4022-9731-01A0599C5DB3;;;;;;;;;;;;;;;;0;0;0;0;0;0;;0;0;0;0;0;0;0;0;0;0;0;0;0;0;0;0;0;0;0;0;0;0;0;0;0;0;0;0;0;0;0;0;0;0;0;0;0;0;0;0;0;0;0;0;0;0;0;0;0;0;0;0;0;0;0;0;0;0;0;0;0;0;0;0;0;0;0;0;0;0;0;0;0;0;0;0;0;0;;;;;;;;;;;;;;;;;;;;;;;;;;;;;
989529A2-D29A-4B25-B004-2A8005870E88;42;VO;8-3-2021 14:04;8-3-2021 14:04;100;10-3-2021 10:33;No parent;S1 Vragenlijst bij start - Scholen;4EE957BA-4F2F-464C-828B-F08116D15F50;881;9;173;6;179;6;158;7;176;4;93;2;47;83;26;0;1;1;1;0;0;2;1;1;1;1;0;0;0;0;1;1;1;0;0;1;1;1;1;1;1;0;0;0;1;1;0;0;0;0;0;0;0;0;0;0;0;0;0;0;0;0;0;0;0;0;0;0;0;0;0;0;0;0;0;0;0;0;0;0;0;0;0;0;0;0;0;0;0;0;0;0;0;0;0;0;0;0;0;0;;;;;;;;;;;;;;;;;;;;;;;;;;;;;
A247172D-A9B8-4687-A391-AE05DC6E27EC;44;VO;6-4-2021 12:56;6-4-2021 12:56;0;;No parent;S1 Vragenlijst bij start - Cals IJsselstein;A0D30E0D-2A08-44F8-AC53-00ED9404A295;;;;;;;;;;;;;;;;0;0;0;0;0;0;;0;0;0;0;0;0;0;0;0;0;0;0;0;0;0;0;0;0;0;0;0;0;0;0;0;0;0;0;0;0;0;0;0;0;0;0;0;0;0;0;0;0;0;0;0;0;0;0;0;0;0;0;0;0;0;0;0;0;0;0;0;0;0;0;0;0;0;0;0;0;0;0;0;0;0;0;0;0;;;;;;;;;;;;;;;;;;;;;;;;;;;;;
B64BFAC1-1AA3-4D04-9F79-FF20A0195E68;35;VO;8-3-2021 13:51;6-4-2021 12:32;0;;No parent;S1 Vragenlijst bij start - Scholen;4EE957BA-4F2F-464C-828B-F08116D15F50;;;;;;;;;;;;;;;;0;0;0;0;0;0;;0;0;0;0;0;0;0;0;0;0;0;0;0;0;0;0;0;0;0;0;0;0;0;0;0;0;0;0;0;0;0;0;0;0;0;0;0;0;0;0;0;0;0;0;0;0;0;0;0;0;0;0;0;0;0;0;0;0;0;0;0;0;0;0;0;0;0;0;0;0;0;0;0;0;0;0;0;0;;;;;;;;;;;;;;;;;;;;;;;;;;;;;
C5543E9B-B415-490A-B4E7-7DBB087D6013;33;PRO;8-3-2021 13:58;8-3-2021 13:58;100;8-3-2021 15:04;No parent;S1 Vragenlijst bij start - Scholen;4EE957BA-4F2F-464C-828B-F08116D15F50;187;3;40;2;23;3;44;6;80;;;;;26;13;1;0;0;0;0;0;1;0;0;0;0;0;0;0;0;0;0;0;0;0;0;0;0;0;0;0;0;0;0;0;0;0;0;0;0;0;0;0;0;0;0;0;0;0;0;0;0;0;0;0;0;0;0;0;0;0;0;0;0;0;0;0;0;0;0;0;0;0;0;0;0;0;0;0;0;0;0;0;0;0;0;0;0;0;0;;;;;;;;;;;;;;;;;;;;;;;;;;;;;
E1AE99FE-4486-42F5-96DF-82E2E84FA5E7;29;VO;6-4-2021 11:53;6-4-2021 11:53;0;;No parent;S1 Vragenlijst bij start - Scholen;4EE957BA-4F2F-464C-828B-F08116D15F50;;;;;;;;;;;;;;;;0;0;0;0;0;0;;0;0;0;0;0;0;0;0;0;0;0;0;0;0;0;0;0;0;0;0;0;0;0;0;0;0;0;0;0;0;0;0;0;0;0;0;0;0;0;0;0;0;0;0;0;0;0;0;0;0;0;0;0;0;0;0;0;0;0;0;0;0;0;0;0;0;0;0;0;0;0;0;0;0;0;0;0;0;;;;;;;;;;;;;;;;;;;;;;;;;;;;;
